-- phpMyAdmin SQL Dump
-- version 4.0.10deb1
-- http://www.phpmyadmin.net
--
-- Host: localhost
-- Generation Time: Oct 04, 2015 at 05:52 AM
-- Server version: 5.5.44-0ubuntu0.14.04.1
-- PHP Version: 5.5.9-1ubuntu4.13

SET SQL_MODE = "NO_AUTO_VALUE_ON_ZERO";
SET time_zone = "+00:00";

--
-- Database: `lc-assessment`
--
CREATE DATABASE IF NOT EXISTS `lc-assessment` DEFAULT CHARACTER SET latin1 COLLATE latin1_swedish_ci;
USE `lc-assessment`;

-- --------------------------------------------------------

--
-- Table structure for table `migrations`
--

DROP TABLE IF EXISTS `migrations`;
CREATE TABLE IF NOT EXISTS `migrations` (
  `migration` varchar(255) COLLATE utf8_unicode_ci NOT NULL,
  `batch` int(11) NOT NULL
) ENGINE=InnoDB DEFAULT CHARSET=utf8 COLLATE=utf8_unicode_ci;

--
-- Dumping data for table `migrations`
--

INSERT INTO `migrations` (`migration`, `batch`) VALUES
('2014_10_12_000000_create_users_table', 1),
('2014_10_12_100000_create_password_resets_table', 1),
('2015_10_03_211636_create_sales_table', 2),
('2015_10_03_211651_create_weather_data_table', 2),
('2015_10_03_211728_create_sales_types_table', 2);

-- --------------------------------------------------------

--
-- Table structure for table `password_resets`
--

DROP TABLE IF EXISTS `password_resets`;
CREATE TABLE IF NOT EXISTS `password_resets` (
  `email` varchar(255) COLLATE utf8_unicode_ci NOT NULL,
  `token` varchar(255) COLLATE utf8_unicode_ci NOT NULL,
  `created_at` timestamp NOT NULL DEFAULT '0000-00-00 00:00:00',
  KEY `password_resets_email_index` (`email`),
  KEY `password_resets_token_index` (`token`)
) ENGINE=InnoDB DEFAULT CHARSET=utf8 COLLATE=utf8_unicode_ci;

-- --------------------------------------------------------

--
-- Table structure for table `sales`
--

DROP TABLE IF EXISTS `sales`;
CREATE TABLE IF NOT EXISTS `sales` (
  `id` int(10) unsigned NOT NULL AUTO_INCREMENT,
  `sales_types_id` int(11) NOT NULL,
  `amount` decimal(11,2) NOT NULL,
  `sale_date` date NOT NULL,
  `created_at` timestamp NOT NULL DEFAULT '0000-00-00 00:00:00',
  `updated_at` timestamp NOT NULL DEFAULT '0000-00-00 00:00:00',
  PRIMARY KEY (`id`)
) ENGINE=InnoDB  DEFAULT CHARSET=utf8 COLLATE=utf8_unicode_ci AUTO_INCREMENT=645 ;

--
-- Dumping data for table `sales`
--

INSERT INTO `sales` (`id`, `sales_types_id`, `amount`, `sale_date`, `created_at`, `updated_at`) VALUES
(1, 1, 633.70, '2015-06-01', '0000-00-00 00:00:00', '0000-00-00 00:00:00'),
(2, 2, 678.85, '2015-06-01', '0000-00-00 00:00:00', '0000-00-00 00:00:00'),
(3, 3, 589.77, '2015-06-01', '0000-00-00 00:00:00', '0000-00-00 00:00:00'),
(4, 4, 259.89, '2015-06-01', '0000-00-00 00:00:00', '0000-00-00 00:00:00'),
(5, 5, 1273.80, '2015-06-01', '0000-00-00 00:00:00', '0000-00-00 00:00:00'),
(6, 6, 779.16, '2015-06-01', '0000-00-00 00:00:00', '0000-00-00 00:00:00'),
(7, 7, 312.35, '2015-06-01', '0000-00-00 00:00:00', '0000-00-00 00:00:00'),
(8, 1, 531.18, '2015-06-02', '0000-00-00 00:00:00', '0000-00-00 00:00:00'),
(9, 2, 521.47, '2015-06-02', '0000-00-00 00:00:00', '0000-00-00 00:00:00'),
(10, 3, 1615.66, '2015-06-02', '0000-00-00 00:00:00', '0000-00-00 00:00:00'),
(11, 4, 3963.47, '2015-06-02', '0000-00-00 00:00:00', '0000-00-00 00:00:00'),
(12, 5, 659.26, '2015-06-02', '0000-00-00 00:00:00', '0000-00-00 00:00:00'),
(13, 6, 238.11, '2015-06-02', '0000-00-00 00:00:00', '0000-00-00 00:00:00'),
(14, 7, 2055.53, '2015-06-02', '0000-00-00 00:00:00', '0000-00-00 00:00:00'),
(15, 1, 386.03, '2015-06-03', '0000-00-00 00:00:00', '0000-00-00 00:00:00'),
(16, 2, 519.21, '2015-06-03', '0000-00-00 00:00:00', '0000-00-00 00:00:00'),
(17, 3, 216.84, '2015-06-03', '0000-00-00 00:00:00', '0000-00-00 00:00:00'),
(18, 4, 1793.81, '2015-06-03', '0000-00-00 00:00:00', '0000-00-00 00:00:00'),
(19, 5, 484.56, '2015-06-03', '0000-00-00 00:00:00', '0000-00-00 00:00:00'),
(20, 6, 1033.67, '2015-06-03', '0000-00-00 00:00:00', '0000-00-00 00:00:00'),
(21, 7, 957.87, '2015-06-03', '0000-00-00 00:00:00', '0000-00-00 00:00:00'),
(22, 1, 882.12, '2015-06-04', '0000-00-00 00:00:00', '0000-00-00 00:00:00'),
(23, 2, 649.00, '2015-06-04', '0000-00-00 00:00:00', '0000-00-00 00:00:00'),
(24, 3, 1185.40, '2015-06-04', '0000-00-00 00:00:00', '0000-00-00 00:00:00'),
(25, 4, 453.73, '2015-06-04', '0000-00-00 00:00:00', '0000-00-00 00:00:00'),
(26, 5, 324.84, '2015-06-04', '0000-00-00 00:00:00', '0000-00-00 00:00:00'),
(27, 6, 581.97, '2015-06-04', '0000-00-00 00:00:00', '0000-00-00 00:00:00'),
(28, 7, 312.56, '2015-06-04', '0000-00-00 00:00:00', '0000-00-00 00:00:00'),
(29, 1, 1037.97, '2015-06-05', '0000-00-00 00:00:00', '0000-00-00 00:00:00'),
(30, 2, 248.22, '2015-06-05', '0000-00-00 00:00:00', '0000-00-00 00:00:00'),
(31, 3, 4396.96, '2015-06-05', '0000-00-00 00:00:00', '0000-00-00 00:00:00'),
(32, 4, 1000.98, '2015-06-05', '0000-00-00 00:00:00', '0000-00-00 00:00:00'),
(33, 5, 1008.36, '2015-06-05', '0000-00-00 00:00:00', '0000-00-00 00:00:00'),
(34, 6, 1720.10, '2015-06-05', '0000-00-00 00:00:00', '0000-00-00 00:00:00'),
(35, 7, 1496.64, '2015-06-05', '0000-00-00 00:00:00', '0000-00-00 00:00:00'),
(36, 1, 915.95, '2015-06-06', '0000-00-00 00:00:00', '0000-00-00 00:00:00'),
(37, 2, 3283.78, '2015-06-06', '0000-00-00 00:00:00', '0000-00-00 00:00:00'),
(38, 3, 447.25, '2015-06-06', '0000-00-00 00:00:00', '0000-00-00 00:00:00'),
(39, 4, 548.97, '2015-06-06', '0000-00-00 00:00:00', '0000-00-00 00:00:00'),
(40, 5, 797.14, '2015-06-06', '0000-00-00 00:00:00', '0000-00-00 00:00:00'),
(41, 6, 365.60, '2015-06-06', '0000-00-00 00:00:00', '0000-00-00 00:00:00'),
(42, 7, 453.02, '2015-06-06', '0000-00-00 00:00:00', '0000-00-00 00:00:00'),
(43, 1, 266.48, '2015-06-07', '0000-00-00 00:00:00', '0000-00-00 00:00:00'),
(44, 2, 725.37, '2015-06-07', '0000-00-00 00:00:00', '0000-00-00 00:00:00'),
(45, 3, 530.16, '2015-06-07', '0000-00-00 00:00:00', '0000-00-00 00:00:00'),
(46, 4, 414.40, '2015-06-07', '0000-00-00 00:00:00', '0000-00-00 00:00:00'),
(47, 5, 2273.64, '2015-06-07', '0000-00-00 00:00:00', '0000-00-00 00:00:00'),
(48, 6, 571.40, '2015-06-07', '0000-00-00 00:00:00', '0000-00-00 00:00:00'),
(49, 7, 2749.70, '2015-06-07', '0000-00-00 00:00:00', '0000-00-00 00:00:00'),
(50, 1, 526.58, '2015-06-08', '0000-00-00 00:00:00', '0000-00-00 00:00:00'),
(51, 2, 643.69, '2015-06-08', '0000-00-00 00:00:00', '0000-00-00 00:00:00'),
(52, 3, 7161.92, '2015-06-08', '0000-00-00 00:00:00', '0000-00-00 00:00:00'),
(53, 4, 1026.49, '2015-06-08', '0000-00-00 00:00:00', '0000-00-00 00:00:00'),
(54, 5, 146.11, '2015-06-08', '0000-00-00 00:00:00', '0000-00-00 00:00:00'),
(55, 6, 760.18, '2015-06-08', '0000-00-00 00:00:00', '0000-00-00 00:00:00'),
(56, 7, 517.52, '2015-06-08', '0000-00-00 00:00:00', '0000-00-00 00:00:00'),
(57, 1, 1029.28, '2015-06-09', '0000-00-00 00:00:00', '0000-00-00 00:00:00'),
(58, 2, 282.13, '2015-06-09', '0000-00-00 00:00:00', '0000-00-00 00:00:00'),
(59, 3, 1033.46, '2015-06-09', '0000-00-00 00:00:00', '0000-00-00 00:00:00'),
(60, 4, 247.87, '2015-06-09', '0000-00-00 00:00:00', '0000-00-00 00:00:00'),
(61, 5, 734.53, '2015-06-09', '0000-00-00 00:00:00', '0000-00-00 00:00:00'),
(62, 6, 2242.09, '2015-06-09', '0000-00-00 00:00:00', '0000-00-00 00:00:00'),
(63, 7, 1155.26, '2015-06-09', '0000-00-00 00:00:00', '0000-00-00 00:00:00'),
(64, 1, 978.71, '2015-06-10', '0000-00-00 00:00:00', '0000-00-00 00:00:00'),
(65, 2, 2965.09, '2015-06-10', '0000-00-00 00:00:00', '0000-00-00 00:00:00'),
(66, 3, 309.67, '2015-06-10', '0000-00-00 00:00:00', '0000-00-00 00:00:00'),
(67, 4, 1029.12, '2015-06-10', '0000-00-00 00:00:00', '0000-00-00 00:00:00'),
(68, 5, 292.28, '2015-06-10', '0000-00-00 00:00:00', '0000-00-00 00:00:00'),
(69, 6, 167.84, '2015-06-10', '0000-00-00 00:00:00', '0000-00-00 00:00:00'),
(70, 7, 1426.83, '2015-06-10', '0000-00-00 00:00:00', '0000-00-00 00:00:00'),
(71, 1, 6108.73, '2015-06-11', '0000-00-00 00:00:00', '0000-00-00 00:00:00'),
(72, 2, 584.56, '2015-06-11', '0000-00-00 00:00:00', '0000-00-00 00:00:00'),
(73, 3, 554.58, '2015-06-11', '0000-00-00 00:00:00', '0000-00-00 00:00:00'),
(74, 4, 1585.43, '2015-06-11', '0000-00-00 00:00:00', '0000-00-00 00:00:00'),
(75, 5, 872.50, '2015-06-11', '0000-00-00 00:00:00', '0000-00-00 00:00:00'),
(76, 6, 399.21, '2015-06-11', '0000-00-00 00:00:00', '0000-00-00 00:00:00'),
(77, 7, 3277.64, '2015-06-11', '0000-00-00 00:00:00', '0000-00-00 00:00:00'),
(78, 1, 618.57, '2015-06-12', '0000-00-00 00:00:00', '0000-00-00 00:00:00'),
(79, 2, 597.31, '2015-06-12', '0000-00-00 00:00:00', '0000-00-00 00:00:00'),
(80, 3, 168.60, '2015-06-12', '0000-00-00 00:00:00', '0000-00-00 00:00:00'),
(81, 4, 8280.68, '2015-06-12', '0000-00-00 00:00:00', '0000-00-00 00:00:00'),
(82, 5, 886.37, '2015-06-12', '0000-00-00 00:00:00', '0000-00-00 00:00:00'),
(83, 6, 907.22, '2015-06-12', '0000-00-00 00:00:00', '0000-00-00 00:00:00'),
(84, 7, 1879.23, '2015-06-12', '0000-00-00 00:00:00', '0000-00-00 00:00:00'),
(85, 1, 464.95, '2015-06-13', '0000-00-00 00:00:00', '0000-00-00 00:00:00'),
(86, 2, 300.26, '2015-06-13', '0000-00-00 00:00:00', '0000-00-00 00:00:00'),
(87, 3, 2230.58, '2015-06-13', '0000-00-00 00:00:00', '0000-00-00 00:00:00'),
(88, 4, 572.41, '2015-06-13', '0000-00-00 00:00:00', '0000-00-00 00:00:00'),
(89, 5, 3764.85, '2015-06-13', '0000-00-00 00:00:00', '0000-00-00 00:00:00'),
(90, 6, 1710.44, '2015-06-13', '0000-00-00 00:00:00', '0000-00-00 00:00:00'),
(91, 7, 2634.54, '2015-06-13', '0000-00-00 00:00:00', '0000-00-00 00:00:00'),
(92, 1, 918.23, '2015-06-14', '0000-00-00 00:00:00', '0000-00-00 00:00:00'),
(93, 2, 1105.11, '2015-06-14', '0000-00-00 00:00:00', '0000-00-00 00:00:00'),
(94, 3, 580.71, '2015-06-14', '0000-00-00 00:00:00', '0000-00-00 00:00:00'),
(95, 4, 1227.99, '2015-06-14', '0000-00-00 00:00:00', '0000-00-00 00:00:00'),
(96, 5, 1449.63, '2015-06-14', '0000-00-00 00:00:00', '0000-00-00 00:00:00'),
(97, 6, 308.77, '2015-06-14', '0000-00-00 00:00:00', '0000-00-00 00:00:00'),
(98, 7, 5561.57, '2015-06-14', '0000-00-00 00:00:00', '0000-00-00 00:00:00'),
(99, 1, 393.71, '2015-06-15', '0000-00-00 00:00:00', '0000-00-00 00:00:00'),
(100, 2, 2135.39, '2015-06-15', '0000-00-00 00:00:00', '0000-00-00 00:00:00'),
(101, 3, 642.07, '2015-06-15', '0000-00-00 00:00:00', '0000-00-00 00:00:00'),
(102, 4, 1410.87, '2015-06-15', '0000-00-00 00:00:00', '0000-00-00 00:00:00'),
(103, 5, 494.43, '2015-06-15', '0000-00-00 00:00:00', '0000-00-00 00:00:00'),
(104, 6, 1191.43, '2015-06-15', '0000-00-00 00:00:00', '0000-00-00 00:00:00'),
(105, 7, 713.78, '2015-06-15', '0000-00-00 00:00:00', '0000-00-00 00:00:00'),
(106, 1, 1617.00, '2015-06-16', '0000-00-00 00:00:00', '0000-00-00 00:00:00'),
(107, 2, 265.09, '2015-06-16', '0000-00-00 00:00:00', '0000-00-00 00:00:00'),
(108, 3, 2144.87, '2015-06-16', '0000-00-00 00:00:00', '0000-00-00 00:00:00'),
(109, 4, 2863.70, '2015-06-16', '0000-00-00 00:00:00', '0000-00-00 00:00:00'),
(110, 5, 1610.89, '2015-06-16', '0000-00-00 00:00:00', '0000-00-00 00:00:00'),
(111, 6, 620.90, '2015-06-16', '0000-00-00 00:00:00', '0000-00-00 00:00:00'),
(112, 7, 298.78, '2015-06-16', '0000-00-00 00:00:00', '0000-00-00 00:00:00'),
(113, 1, 1013.17, '2015-06-17', '0000-00-00 00:00:00', '0000-00-00 00:00:00'),
(114, 2, 3096.60, '2015-06-17', '0000-00-00 00:00:00', '0000-00-00 00:00:00'),
(115, 3, 2246.58, '2015-06-17', '0000-00-00 00:00:00', '0000-00-00 00:00:00'),
(116, 4, 1005.36, '2015-06-17', '0000-00-00 00:00:00', '0000-00-00 00:00:00'),
(117, 5, 3879.10, '2015-06-17', '0000-00-00 00:00:00', '0000-00-00 00:00:00'),
(118, 6, 392.24, '2015-06-17', '0000-00-00 00:00:00', '0000-00-00 00:00:00'),
(119, 7, 555.29, '2015-06-17', '0000-00-00 00:00:00', '0000-00-00 00:00:00'),
(120, 1, 597.22, '2015-06-18', '0000-00-00 00:00:00', '0000-00-00 00:00:00'),
(121, 2, 478.48, '2015-06-18', '0000-00-00 00:00:00', '0000-00-00 00:00:00'),
(122, 3, 944.51, '2015-06-18', '0000-00-00 00:00:00', '0000-00-00 00:00:00'),
(123, 4, 676.98, '2015-06-18', '0000-00-00 00:00:00', '0000-00-00 00:00:00'),
(124, 5, 1278.77, '2015-06-18', '0000-00-00 00:00:00', '0000-00-00 00:00:00'),
(125, 6, 686.93, '2015-06-18', '0000-00-00 00:00:00', '0000-00-00 00:00:00'),
(126, 7, 454.00, '2015-06-18', '0000-00-00 00:00:00', '0000-00-00 00:00:00'),
(127, 1, 3823.77, '2015-06-19', '0000-00-00 00:00:00', '0000-00-00 00:00:00'),
(128, 2, 2912.22, '2015-06-19', '0000-00-00 00:00:00', '0000-00-00 00:00:00'),
(129, 3, 432.75, '2015-06-19', '0000-00-00 00:00:00', '0000-00-00 00:00:00'),
(130, 4, 440.42, '2015-06-19', '0000-00-00 00:00:00', '0000-00-00 00:00:00'),
(131, 5, 1160.34, '2015-06-19', '0000-00-00 00:00:00', '0000-00-00 00:00:00'),
(132, 6, 945.26, '2015-06-19', '0000-00-00 00:00:00', '0000-00-00 00:00:00'),
(133, 7, 417.74, '2015-06-19', '0000-00-00 00:00:00', '0000-00-00 00:00:00'),
(134, 1, 942.65, '2015-06-20', '0000-00-00 00:00:00', '0000-00-00 00:00:00'),
(135, 2, 2343.27, '2015-06-20', '0000-00-00 00:00:00', '0000-00-00 00:00:00'),
(136, 3, 2474.08, '2015-06-20', '0000-00-00 00:00:00', '0000-00-00 00:00:00'),
(137, 4, 406.70, '2015-06-20', '0000-00-00 00:00:00', '0000-00-00 00:00:00'),
(138, 5, 1162.66, '2015-06-20', '0000-00-00 00:00:00', '0000-00-00 00:00:00'),
(139, 6, 174.03, '2015-06-20', '0000-00-00 00:00:00', '0000-00-00 00:00:00'),
(140, 7, 1293.28, '2015-06-20', '0000-00-00 00:00:00', '0000-00-00 00:00:00'),
(141, 1, 2798.81, '2015-06-21', '0000-00-00 00:00:00', '0000-00-00 00:00:00'),
(142, 2, 426.23, '2015-06-21', '0000-00-00 00:00:00', '0000-00-00 00:00:00'),
(143, 3, 241.32, '2015-06-21', '0000-00-00 00:00:00', '0000-00-00 00:00:00'),
(144, 4, 655.48, '2015-06-21', '0000-00-00 00:00:00', '0000-00-00 00:00:00'),
(145, 5, 634.78, '2015-06-21', '0000-00-00 00:00:00', '0000-00-00 00:00:00'),
(146, 6, 624.40, '2015-06-21', '0000-00-00 00:00:00', '0000-00-00 00:00:00'),
(147, 7, 323.95, '2015-06-21', '0000-00-00 00:00:00', '0000-00-00 00:00:00'),
(148, 1, 6613.28, '2015-06-22', '0000-00-00 00:00:00', '0000-00-00 00:00:00'),
(149, 2, 496.11, '2015-06-22', '0000-00-00 00:00:00', '0000-00-00 00:00:00'),
(150, 3, 1171.53, '2015-06-22', '0000-00-00 00:00:00', '0000-00-00 00:00:00'),
(151, 4, 1005.59, '2015-06-22', '0000-00-00 00:00:00', '0000-00-00 00:00:00'),
(152, 5, 1120.50, '2015-06-22', '0000-00-00 00:00:00', '0000-00-00 00:00:00'),
(153, 6, 1753.42, '2015-06-22', '0000-00-00 00:00:00', '0000-00-00 00:00:00'),
(154, 7, 1039.51, '2015-06-22', '0000-00-00 00:00:00', '0000-00-00 00:00:00'),
(155, 1, 4670.48, '2015-06-23', '0000-00-00 00:00:00', '0000-00-00 00:00:00'),
(156, 2, 421.30, '2015-06-23', '0000-00-00 00:00:00', '0000-00-00 00:00:00'),
(157, 3, 849.11, '2015-06-23', '0000-00-00 00:00:00', '0000-00-00 00:00:00'),
(158, 4, 393.17, '2015-06-23', '0000-00-00 00:00:00', '0000-00-00 00:00:00'),
(159, 5, 387.38, '2015-06-23', '0000-00-00 00:00:00', '0000-00-00 00:00:00'),
(160, 6, 947.59, '2015-06-23', '0000-00-00 00:00:00', '0000-00-00 00:00:00'),
(161, 7, 3509.80, '2015-06-23', '0000-00-00 00:00:00', '0000-00-00 00:00:00'),
(162, 1, 8338.79, '2015-06-24', '0000-00-00 00:00:00', '0000-00-00 00:00:00'),
(163, 2, 3263.02, '2015-06-24', '0000-00-00 00:00:00', '0000-00-00 00:00:00'),
(164, 3, 4194.23, '2015-06-24', '0000-00-00 00:00:00', '0000-00-00 00:00:00'),
(165, 4, 652.72, '2015-06-24', '0000-00-00 00:00:00', '0000-00-00 00:00:00'),
(166, 5, 778.79, '2015-06-24', '0000-00-00 00:00:00', '0000-00-00 00:00:00'),
(167, 6, 471.21, '2015-06-24', '0000-00-00 00:00:00', '0000-00-00 00:00:00'),
(168, 7, 930.51, '2015-06-24', '0000-00-00 00:00:00', '0000-00-00 00:00:00'),
(169, 1, 241.75, '2015-06-25', '0000-00-00 00:00:00', '0000-00-00 00:00:00'),
(170, 2, 671.45, '2015-06-25', '0000-00-00 00:00:00', '0000-00-00 00:00:00'),
(171, 3, 4084.33, '2015-06-25', '0000-00-00 00:00:00', '0000-00-00 00:00:00'),
(172, 4, 624.56, '2015-06-25', '0000-00-00 00:00:00', '0000-00-00 00:00:00'),
(173, 5, 566.33, '2015-06-25', '0000-00-00 00:00:00', '0000-00-00 00:00:00'),
(174, 6, 1521.78, '2015-06-25', '0000-00-00 00:00:00', '0000-00-00 00:00:00'),
(175, 7, 140.74, '2015-06-25', '0000-00-00 00:00:00', '0000-00-00 00:00:00'),
(176, 1, 184.49, '2015-06-26', '0000-00-00 00:00:00', '0000-00-00 00:00:00'),
(177, 2, 1352.40, '2015-06-26', '0000-00-00 00:00:00', '0000-00-00 00:00:00'),
(178, 3, 1165.70, '2015-06-26', '0000-00-00 00:00:00', '0000-00-00 00:00:00'),
(179, 4, 384.96, '2015-06-26', '0000-00-00 00:00:00', '0000-00-00 00:00:00'),
(180, 5, 443.04, '2015-06-26', '0000-00-00 00:00:00', '0000-00-00 00:00:00'),
(181, 6, 242.94, '2015-06-26', '0000-00-00 00:00:00', '0000-00-00 00:00:00'),
(182, 7, 314.50, '2015-06-26', '0000-00-00 00:00:00', '0000-00-00 00:00:00'),
(183, 1, 1156.87, '2015-06-27', '0000-00-00 00:00:00', '0000-00-00 00:00:00'),
(184, 2, 1709.32, '2015-06-27', '0000-00-00 00:00:00', '0000-00-00 00:00:00'),
(185, 3, 1882.06, '2015-06-27', '0000-00-00 00:00:00', '0000-00-00 00:00:00'),
(186, 4, 918.82, '2015-06-27', '0000-00-00 00:00:00', '0000-00-00 00:00:00'),
(187, 5, 5716.18, '2015-06-27', '0000-00-00 00:00:00', '0000-00-00 00:00:00'),
(188, 6, 741.04, '2015-06-27', '0000-00-00 00:00:00', '0000-00-00 00:00:00'),
(189, 7, 935.66, '2015-06-27', '0000-00-00 00:00:00', '0000-00-00 00:00:00'),
(190, 1, 366.98, '2015-06-28', '0000-00-00 00:00:00', '0000-00-00 00:00:00'),
(191, 2, 372.59, '2015-06-28', '0000-00-00 00:00:00', '0000-00-00 00:00:00'),
(192, 3, 496.13, '2015-06-28', '0000-00-00 00:00:00', '0000-00-00 00:00:00'),
(193, 4, 2371.65, '2015-06-28', '0000-00-00 00:00:00', '0000-00-00 00:00:00'),
(194, 5, 1064.78, '2015-06-28', '0000-00-00 00:00:00', '0000-00-00 00:00:00'),
(195, 6, 655.33, '2015-06-28', '0000-00-00 00:00:00', '0000-00-00 00:00:00'),
(196, 7, 5178.48, '2015-06-28', '0000-00-00 00:00:00', '0000-00-00 00:00:00'),
(197, 1, 1167.37, '2015-06-29', '0000-00-00 00:00:00', '0000-00-00 00:00:00'),
(198, 2, 1134.87, '2015-06-29', '0000-00-00 00:00:00', '0000-00-00 00:00:00'),
(199, 3, 1697.14, '2015-06-29', '0000-00-00 00:00:00', '0000-00-00 00:00:00'),
(200, 4, 442.51, '2015-06-29', '0000-00-00 00:00:00', '0000-00-00 00:00:00'),
(201, 5, 3855.27, '2015-06-29', '0000-00-00 00:00:00', '0000-00-00 00:00:00'),
(202, 6, 1158.30, '2015-06-29', '0000-00-00 00:00:00', '0000-00-00 00:00:00'),
(203, 7, 916.43, '2015-06-29', '0000-00-00 00:00:00', '0000-00-00 00:00:00'),
(204, 1, 606.24, '2015-06-30', '0000-00-00 00:00:00', '0000-00-00 00:00:00'),
(205, 2, 722.57, '2015-06-30', '0000-00-00 00:00:00', '0000-00-00 00:00:00'),
(206, 3, 814.68, '2015-06-30', '0000-00-00 00:00:00', '0000-00-00 00:00:00'),
(207, 4, 2869.67, '2015-06-30', '0000-00-00 00:00:00', '0000-00-00 00:00:00'),
(208, 5, 396.67, '2015-06-30', '0000-00-00 00:00:00', '0000-00-00 00:00:00'),
(209, 6, 2069.72, '2015-06-30', '0000-00-00 00:00:00', '0000-00-00 00:00:00'),
(210, 7, 516.10, '2015-06-30', '0000-00-00 00:00:00', '0000-00-00 00:00:00'),
(211, 1, 875.84, '2015-07-01', '0000-00-00 00:00:00', '0000-00-00 00:00:00'),
(212, 2, 862.39, '2015-07-01', '0000-00-00 00:00:00', '0000-00-00 00:00:00'),
(213, 3, 1395.65, '2015-07-01', '0000-00-00 00:00:00', '0000-00-00 00:00:00'),
(214, 4, 1047.69, '2015-07-01', '0000-00-00 00:00:00', '0000-00-00 00:00:00'),
(215, 5, 821.62, '2015-07-01', '0000-00-00 00:00:00', '0000-00-00 00:00:00'),
(216, 6, 832.34, '2015-07-01', '0000-00-00 00:00:00', '0000-00-00 00:00:00'),
(217, 7, 470.76, '2015-07-01', '0000-00-00 00:00:00', '0000-00-00 00:00:00'),
(218, 1, 575.91, '2015-07-02', '0000-00-00 00:00:00', '0000-00-00 00:00:00'),
(219, 2, 522.09, '2015-07-02', '0000-00-00 00:00:00', '0000-00-00 00:00:00'),
(220, 3, 747.53, '2015-07-02', '0000-00-00 00:00:00', '0000-00-00 00:00:00'),
(221, 4, 483.39, '2015-07-02', '0000-00-00 00:00:00', '0000-00-00 00:00:00'),
(222, 5, 338.34, '2015-07-02', '0000-00-00 00:00:00', '0000-00-00 00:00:00'),
(223, 6, 643.97, '2015-07-02', '0000-00-00 00:00:00', '0000-00-00 00:00:00'),
(224, 7, 333.79, '2015-07-02', '0000-00-00 00:00:00', '0000-00-00 00:00:00'),
(225, 1, 671.16, '2015-07-03', '0000-00-00 00:00:00', '0000-00-00 00:00:00'),
(226, 2, 611.40, '2015-07-03', '0000-00-00 00:00:00', '0000-00-00 00:00:00'),
(227, 3, 408.58, '2015-07-03', '0000-00-00 00:00:00', '0000-00-00 00:00:00'),
(228, 4, 399.39, '2015-07-03', '0000-00-00 00:00:00', '0000-00-00 00:00:00'),
(229, 5, 427.55, '2015-07-03', '0000-00-00 00:00:00', '0000-00-00 00:00:00'),
(230, 6, 524.39, '2015-07-03', '0000-00-00 00:00:00', '0000-00-00 00:00:00'),
(231, 7, 586.24, '2015-07-03', '0000-00-00 00:00:00', '0000-00-00 00:00:00'),
(232, 1, 1995.25, '2015-07-04', '0000-00-00 00:00:00', '0000-00-00 00:00:00'),
(233, 2, 1747.60, '2015-07-04', '0000-00-00 00:00:00', '0000-00-00 00:00:00'),
(234, 3, 1456.05, '2015-07-04', '0000-00-00 00:00:00', '0000-00-00 00:00:00'),
(235, 4, 589.31, '2015-07-04', '0000-00-00 00:00:00', '0000-00-00 00:00:00'),
(236, 5, 2605.68, '2015-07-04', '0000-00-00 00:00:00', '0000-00-00 00:00:00'),
(237, 6, 171.09, '2015-07-04', '0000-00-00 00:00:00', '0000-00-00 00:00:00'),
(238, 7, 1276.96, '2015-07-04', '0000-00-00 00:00:00', '0000-00-00 00:00:00'),
(239, 1, 738.49, '2015-07-05', '0000-00-00 00:00:00', '0000-00-00 00:00:00'),
(240, 2, 380.18, '2015-07-05', '0000-00-00 00:00:00', '0000-00-00 00:00:00'),
(241, 3, 1269.11, '2015-07-05', '0000-00-00 00:00:00', '0000-00-00 00:00:00'),
(242, 4, 501.45, '2015-07-05', '0000-00-00 00:00:00', '0000-00-00 00:00:00'),
(243, 5, 392.25, '2015-07-05', '0000-00-00 00:00:00', '0000-00-00 00:00:00'),
(244, 6, 564.98, '2015-07-05', '0000-00-00 00:00:00', '0000-00-00 00:00:00'),
(245, 7, 502.36, '2015-07-05', '0000-00-00 00:00:00', '0000-00-00 00:00:00'),
(246, 1, 996.19, '2015-07-06', '0000-00-00 00:00:00', '0000-00-00 00:00:00'),
(247, 2, 1267.16, '2015-07-06', '0000-00-00 00:00:00', '0000-00-00 00:00:00'),
(248, 3, 344.09, '2015-07-06', '0000-00-00 00:00:00', '0000-00-00 00:00:00'),
(249, 4, 1126.46, '2015-07-06', '0000-00-00 00:00:00', '0000-00-00 00:00:00'),
(250, 5, 1138.65, '2015-07-06', '0000-00-00 00:00:00', '0000-00-00 00:00:00'),
(251, 6, 820.87, '2015-07-06', '0000-00-00 00:00:00', '0000-00-00 00:00:00'),
(252, 7, 1758.41, '2015-07-06', '0000-00-00 00:00:00', '0000-00-00 00:00:00'),
(253, 1, 904.38, '2015-07-07', '0000-00-00 00:00:00', '0000-00-00 00:00:00'),
(254, 2, 781.38, '2015-07-07', '0000-00-00 00:00:00', '0000-00-00 00:00:00'),
(255, 3, 6943.57, '2015-07-07', '0000-00-00 00:00:00', '0000-00-00 00:00:00'),
(256, 4, 470.40, '2015-07-07', '0000-00-00 00:00:00', '0000-00-00 00:00:00'),
(257, 5, 1745.72, '2015-07-07', '0000-00-00 00:00:00', '0000-00-00 00:00:00'),
(258, 6, 459.03, '2015-07-07', '0000-00-00 00:00:00', '0000-00-00 00:00:00'),
(259, 7, 580.78, '2015-07-07', '0000-00-00 00:00:00', '0000-00-00 00:00:00'),
(260, 1, 4596.80, '2015-07-08', '0000-00-00 00:00:00', '0000-00-00 00:00:00'),
(261, 2, 791.72, '2015-07-08', '0000-00-00 00:00:00', '0000-00-00 00:00:00'),
(262, 3, 1169.32, '2015-07-08', '0000-00-00 00:00:00', '0000-00-00 00:00:00'),
(263, 4, 1867.59, '2015-07-08', '0000-00-00 00:00:00', '0000-00-00 00:00:00'),
(264, 5, 651.32, '2015-07-08', '0000-00-00 00:00:00', '0000-00-00 00:00:00'),
(265, 6, 2253.43, '2015-07-08', '0000-00-00 00:00:00', '0000-00-00 00:00:00'),
(266, 7, 342.42, '2015-07-08', '0000-00-00 00:00:00', '0000-00-00 00:00:00'),
(267, 1, 637.56, '2015-07-09', '0000-00-00 00:00:00', '0000-00-00 00:00:00'),
(268, 2, 2114.41, '2015-07-09', '0000-00-00 00:00:00', '0000-00-00 00:00:00'),
(269, 3, 979.53, '2015-07-09', '0000-00-00 00:00:00', '0000-00-00 00:00:00'),
(270, 4, 648.39, '2015-07-09', '0000-00-00 00:00:00', '0000-00-00 00:00:00'),
(271, 5, 407.00, '2015-07-09', '0000-00-00 00:00:00', '0000-00-00 00:00:00'),
(272, 6, 364.37, '2015-07-09', '0000-00-00 00:00:00', '0000-00-00 00:00:00'),
(273, 7, 2127.60, '2015-07-09', '0000-00-00 00:00:00', '0000-00-00 00:00:00'),
(274, 1, 598.25, '2015-07-10', '0000-00-00 00:00:00', '0000-00-00 00:00:00'),
(275, 2, 2226.81, '2015-07-10', '0000-00-00 00:00:00', '0000-00-00 00:00:00'),
(276, 3, 632.26, '2015-07-10', '0000-00-00 00:00:00', '0000-00-00 00:00:00'),
(277, 4, 2313.90, '2015-07-10', '0000-00-00 00:00:00', '0000-00-00 00:00:00'),
(278, 5, 12177.72, '2015-07-10', '0000-00-00 00:00:00', '0000-00-00 00:00:00'),
(279, 6, 844.09, '2015-07-10', '0000-00-00 00:00:00', '0000-00-00 00:00:00'),
(280, 7, 1085.21, '2015-07-10', '0000-00-00 00:00:00', '0000-00-00 00:00:00'),
(281, 1, 624.78, '2015-07-11', '0000-00-00 00:00:00', '0000-00-00 00:00:00'),
(282, 2, 474.73, '2015-07-11', '0000-00-00 00:00:00', '0000-00-00 00:00:00'),
(283, 3, 395.37, '2015-07-11', '0000-00-00 00:00:00', '0000-00-00 00:00:00'),
(284, 4, 484.74, '2015-07-11', '0000-00-00 00:00:00', '0000-00-00 00:00:00'),
(285, 5, 645.38, '2015-07-11', '0000-00-00 00:00:00', '0000-00-00 00:00:00'),
(286, 6, 1120.81, '2015-07-11', '0000-00-00 00:00:00', '0000-00-00 00:00:00'),
(287, 7, 375.17, '2015-07-11', '0000-00-00 00:00:00', '0000-00-00 00:00:00'),
(288, 1, 922.54, '2015-07-12', '0000-00-00 00:00:00', '0000-00-00 00:00:00'),
(289, 2, 764.63, '2015-07-12', '0000-00-00 00:00:00', '0000-00-00 00:00:00'),
(290, 3, 380.84, '2015-07-12', '0000-00-00 00:00:00', '0000-00-00 00:00:00'),
(291, 4, 1160.07, '2015-07-12', '0000-00-00 00:00:00', '0000-00-00 00:00:00'),
(292, 5, 268.27, '2015-07-12', '0000-00-00 00:00:00', '0000-00-00 00:00:00'),
(293, 6, 666.57, '2015-07-12', '0000-00-00 00:00:00', '0000-00-00 00:00:00'),
(294, 7, 583.93, '2015-07-12', '0000-00-00 00:00:00', '0000-00-00 00:00:00'),
(295, 1, 451.53, '2015-07-13', '0000-00-00 00:00:00', '0000-00-00 00:00:00'),
(296, 2, 558.38, '2015-07-13', '0000-00-00 00:00:00', '0000-00-00 00:00:00'),
(297, 3, 1811.24, '2015-07-13', '0000-00-00 00:00:00', '0000-00-00 00:00:00'),
(298, 4, 3001.90, '2015-07-13', '0000-00-00 00:00:00', '0000-00-00 00:00:00'),
(299, 5, 674.51, '2015-07-13', '0000-00-00 00:00:00', '0000-00-00 00:00:00'),
(300, 6, 205.86, '2015-07-13', '0000-00-00 00:00:00', '0000-00-00 00:00:00'),
(301, 7, 367.30, '2015-07-13', '0000-00-00 00:00:00', '0000-00-00 00:00:00'),
(302, 1, 925.79, '2015-07-14', '0000-00-00 00:00:00', '0000-00-00 00:00:00'),
(303, 2, 531.60, '2015-07-14', '0000-00-00 00:00:00', '0000-00-00 00:00:00'),
(304, 3, 525.08, '2015-07-14', '0000-00-00 00:00:00', '0000-00-00 00:00:00'),
(305, 4, 1475.36, '2015-07-14', '0000-00-00 00:00:00', '0000-00-00 00:00:00'),
(306, 5, 423.34, '2015-07-14', '0000-00-00 00:00:00', '0000-00-00 00:00:00'),
(307, 6, 509.69, '2015-07-14', '0000-00-00 00:00:00', '0000-00-00 00:00:00'),
(308, 7, 1311.77, '2015-07-14', '0000-00-00 00:00:00', '0000-00-00 00:00:00'),
(309, 1, 609.86, '2015-07-15', '0000-00-00 00:00:00', '0000-00-00 00:00:00'),
(310, 2, 659.23, '2015-07-15', '0000-00-00 00:00:00', '0000-00-00 00:00:00'),
(311, 3, 315.89, '2015-07-15', '0000-00-00 00:00:00', '0000-00-00 00:00:00'),
(312, 4, 803.52, '2015-07-15', '0000-00-00 00:00:00', '0000-00-00 00:00:00'),
(313, 5, 288.29, '2015-07-15', '0000-00-00 00:00:00', '0000-00-00 00:00:00'),
(314, 6, 744.86, '2015-07-15', '0000-00-00 00:00:00', '0000-00-00 00:00:00'),
(315, 7, 683.07, '2015-07-15', '0000-00-00 00:00:00', '0000-00-00 00:00:00'),
(316, 1, 1834.29, '2015-07-16', '0000-00-00 00:00:00', '0000-00-00 00:00:00'),
(317, 2, 877.77, '2015-07-16', '0000-00-00 00:00:00', '0000-00-00 00:00:00'),
(318, 3, 1778.28, '2015-07-16', '0000-00-00 00:00:00', '0000-00-00 00:00:00'),
(319, 4, 372.16, '2015-07-16', '0000-00-00 00:00:00', '0000-00-00 00:00:00'),
(320, 5, 150.62, '2015-07-16', '0000-00-00 00:00:00', '0000-00-00 00:00:00'),
(321, 6, 496.99, '2015-07-16', '0000-00-00 00:00:00', '0000-00-00 00:00:00'),
(322, 7, 705.41, '2015-07-16', '0000-00-00 00:00:00', '0000-00-00 00:00:00'),
(323, 1, 1292.18, '2015-07-17', '0000-00-00 00:00:00', '0000-00-00 00:00:00'),
(324, 2, 371.57, '2015-07-17', '0000-00-00 00:00:00', '0000-00-00 00:00:00'),
(325, 3, 2426.60, '2015-07-17', '0000-00-00 00:00:00', '0000-00-00 00:00:00'),
(326, 4, 326.13, '2015-07-17', '0000-00-00 00:00:00', '0000-00-00 00:00:00'),
(327, 5, 352.00, '2015-07-17', '0000-00-00 00:00:00', '0000-00-00 00:00:00'),
(328, 6, 1443.18, '2015-07-17', '0000-00-00 00:00:00', '0000-00-00 00:00:00'),
(329, 7, 700.54, '2015-07-17', '0000-00-00 00:00:00', '0000-00-00 00:00:00'),
(330, 1, 932.31, '2015-07-18', '0000-00-00 00:00:00', '0000-00-00 00:00:00'),
(331, 2, 165.49, '2015-07-18', '0000-00-00 00:00:00', '0000-00-00 00:00:00'),
(332, 3, 865.38, '2015-07-18', '0000-00-00 00:00:00', '0000-00-00 00:00:00'),
(333, 4, 480.63, '2015-07-18', '0000-00-00 00:00:00', '0000-00-00 00:00:00'),
(334, 5, 619.02, '2015-07-18', '0000-00-00 00:00:00', '0000-00-00 00:00:00'),
(335, 6, 5326.55, '2015-07-18', '0000-00-00 00:00:00', '0000-00-00 00:00:00'),
(336, 7, 631.38, '2015-07-18', '0000-00-00 00:00:00', '0000-00-00 00:00:00'),
(337, 1, 329.89, '2015-07-19', '0000-00-00 00:00:00', '0000-00-00 00:00:00'),
(338, 2, 685.17, '2015-07-19', '0000-00-00 00:00:00', '0000-00-00 00:00:00'),
(339, 3, 402.86, '2015-07-19', '0000-00-00 00:00:00', '0000-00-00 00:00:00'),
(340, 4, 8536.64, '2015-07-19', '0000-00-00 00:00:00', '0000-00-00 00:00:00'),
(341, 5, 898.97, '2015-07-19', '0000-00-00 00:00:00', '0000-00-00 00:00:00'),
(342, 6, 732.08, '2015-07-19', '0000-00-00 00:00:00', '0000-00-00 00:00:00'),
(343, 7, 875.39, '2015-07-19', '0000-00-00 00:00:00', '0000-00-00 00:00:00'),
(344, 1, 313.28, '2015-07-20', '0000-00-00 00:00:00', '0000-00-00 00:00:00'),
(345, 2, 3592.67, '2015-07-20', '0000-00-00 00:00:00', '0000-00-00 00:00:00'),
(346, 3, 474.08, '2015-07-20', '0000-00-00 00:00:00', '0000-00-00 00:00:00'),
(347, 4, 565.52, '2015-07-20', '0000-00-00 00:00:00', '0000-00-00 00:00:00'),
(348, 5, 737.07, '2015-07-20', '0000-00-00 00:00:00', '0000-00-00 00:00:00'),
(349, 6, 861.14, '2015-07-20', '0000-00-00 00:00:00', '0000-00-00 00:00:00'),
(350, 7, 983.48, '2015-07-20', '0000-00-00 00:00:00', '0000-00-00 00:00:00'),
(351, 1, 337.07, '2015-07-21', '0000-00-00 00:00:00', '0000-00-00 00:00:00'),
(352, 2, 689.63, '2015-07-21', '0000-00-00 00:00:00', '0000-00-00 00:00:00'),
(353, 3, 631.71, '2015-07-21', '0000-00-00 00:00:00', '0000-00-00 00:00:00'),
(354, 4, 5561.56, '2015-07-21', '0000-00-00 00:00:00', '0000-00-00 00:00:00'),
(355, 5, 671.95, '2015-07-21', '0000-00-00 00:00:00', '0000-00-00 00:00:00'),
(356, 6, 630.04, '2015-07-21', '0000-00-00 00:00:00', '0000-00-00 00:00:00'),
(357, 7, 2309.74, '2015-07-21', '0000-00-00 00:00:00', '0000-00-00 00:00:00'),
(358, 1, 1373.28, '2015-07-22', '0000-00-00 00:00:00', '0000-00-00 00:00:00'),
(359, 2, 529.89, '2015-07-22', '0000-00-00 00:00:00', '0000-00-00 00:00:00'),
(360, 3, 893.20, '2015-07-22', '0000-00-00 00:00:00', '0000-00-00 00:00:00'),
(361, 4, 5879.44, '2015-07-22', '0000-00-00 00:00:00', '0000-00-00 00:00:00'),
(362, 5, 984.45, '2015-07-22', '0000-00-00 00:00:00', '0000-00-00 00:00:00'),
(363, 6, 916.69, '2015-07-22', '0000-00-00 00:00:00', '0000-00-00 00:00:00'),
(364, 7, 887.57, '2015-07-22', '0000-00-00 00:00:00', '0000-00-00 00:00:00'),
(365, 1, 720.77, '2015-07-23', '0000-00-00 00:00:00', '0000-00-00 00:00:00'),
(366, 2, 5031.28, '2015-07-23', '0000-00-00 00:00:00', '0000-00-00 00:00:00'),
(367, 3, 1085.43, '2015-07-23', '0000-00-00 00:00:00', '0000-00-00 00:00:00'),
(368, 4, 1024.69, '2015-07-23', '0000-00-00 00:00:00', '0000-00-00 00:00:00'),
(369, 5, 877.92, '2015-07-23', '0000-00-00 00:00:00', '0000-00-00 00:00:00'),
(370, 6, 2340.20, '2015-07-23', '0000-00-00 00:00:00', '0000-00-00 00:00:00'),
(371, 7, 1324.57, '2015-07-23', '0000-00-00 00:00:00', '0000-00-00 00:00:00'),
(372, 1, 4279.56, '2015-07-24', '0000-00-00 00:00:00', '0000-00-00 00:00:00'),
(373, 2, 245.66, '2015-07-24', '0000-00-00 00:00:00', '0000-00-00 00:00:00'),
(374, 3, 730.44, '2015-07-24', '0000-00-00 00:00:00', '0000-00-00 00:00:00'),
(375, 4, 5606.80, '2015-07-24', '0000-00-00 00:00:00', '0000-00-00 00:00:00'),
(376, 5, 1505.83, '2015-07-24', '0000-00-00 00:00:00', '0000-00-00 00:00:00'),
(377, 6, 1323.52, '2015-07-24', '0000-00-00 00:00:00', '0000-00-00 00:00:00'),
(378, 7, 716.22, '2015-07-24', '0000-00-00 00:00:00', '0000-00-00 00:00:00'),
(379, 1, 4098.04, '2015-07-25', '0000-00-00 00:00:00', '0000-00-00 00:00:00'),
(380, 2, 1607.34, '2015-07-25', '0000-00-00 00:00:00', '0000-00-00 00:00:00'),
(381, 3, 331.87, '2015-07-25', '0000-00-00 00:00:00', '0000-00-00 00:00:00'),
(382, 4, 2389.52, '2015-07-25', '0000-00-00 00:00:00', '0000-00-00 00:00:00'),
(383, 5, 1852.59, '2015-07-25', '0000-00-00 00:00:00', '0000-00-00 00:00:00'),
(384, 6, 1571.36, '2015-07-25', '0000-00-00 00:00:00', '0000-00-00 00:00:00'),
(385, 7, 526.69, '2015-07-25', '0000-00-00 00:00:00', '0000-00-00 00:00:00'),
(386, 1, 2310.82, '2015-07-26', '0000-00-00 00:00:00', '0000-00-00 00:00:00'),
(387, 2, 1238.20, '2015-07-26', '0000-00-00 00:00:00', '0000-00-00 00:00:00'),
(388, 3, 562.81, '2015-07-26', '0000-00-00 00:00:00', '0000-00-00 00:00:00'),
(389, 4, 1130.93, '2015-07-26', '0000-00-00 00:00:00', '0000-00-00 00:00:00'),
(390, 5, 943.42, '2015-07-26', '0000-00-00 00:00:00', '0000-00-00 00:00:00'),
(391, 6, 771.54, '2015-07-26', '0000-00-00 00:00:00', '0000-00-00 00:00:00'),
(392, 7, 655.52, '2015-07-26', '0000-00-00 00:00:00', '0000-00-00 00:00:00'),
(393, 1, 189.98, '2015-07-27', '0000-00-00 00:00:00', '0000-00-00 00:00:00'),
(394, 2, 465.85, '2015-07-27', '0000-00-00 00:00:00', '0000-00-00 00:00:00'),
(395, 3, 170.00, '2015-07-27', '0000-00-00 00:00:00', '0000-00-00 00:00:00'),
(396, 4, 635.32, '2015-07-27', '0000-00-00 00:00:00', '0000-00-00 00:00:00'),
(397, 5, 2458.38, '2015-07-27', '0000-00-00 00:00:00', '0000-00-00 00:00:00'),
(398, 6, 924.51, '2015-07-27', '0000-00-00 00:00:00', '0000-00-00 00:00:00'),
(399, 7, 439.78, '2015-07-27', '0000-00-00 00:00:00', '0000-00-00 00:00:00'),
(400, 1, 2640.25, '2015-07-28', '0000-00-00 00:00:00', '0000-00-00 00:00:00'),
(401, 2, 525.80, '2015-07-28', '0000-00-00 00:00:00', '0000-00-00 00:00:00'),
(402, 3, 812.43, '2015-07-28', '0000-00-00 00:00:00', '0000-00-00 00:00:00'),
(403, 4, 3207.41, '2015-07-28', '0000-00-00 00:00:00', '0000-00-00 00:00:00'),
(404, 5, 13218.37, '2015-07-28', '0000-00-00 00:00:00', '0000-00-00 00:00:00'),
(405, 6, 1061.03, '2015-07-28', '0000-00-00 00:00:00', '0000-00-00 00:00:00'),
(406, 7, 744.48, '2015-07-28', '0000-00-00 00:00:00', '0000-00-00 00:00:00'),
(407, 1, 497.08, '2015-07-29', '0000-00-00 00:00:00', '0000-00-00 00:00:00'),
(408, 2, 864.33, '2015-07-29', '0000-00-00 00:00:00', '0000-00-00 00:00:00'),
(409, 3, 690.92, '2015-07-29', '0000-00-00 00:00:00', '0000-00-00 00:00:00'),
(410, 4, 925.70, '2015-07-29', '0000-00-00 00:00:00', '0000-00-00 00:00:00'),
(411, 5, 989.65, '2015-07-29', '0000-00-00 00:00:00', '0000-00-00 00:00:00'),
(412, 6, 2329.31, '2015-07-29', '0000-00-00 00:00:00', '0000-00-00 00:00:00'),
(413, 7, 662.95, '2015-07-29', '0000-00-00 00:00:00', '0000-00-00 00:00:00'),
(414, 1, 141.46, '2015-07-30', '0000-00-00 00:00:00', '0000-00-00 00:00:00'),
(415, 2, 880.21, '2015-07-30', '0000-00-00 00:00:00', '0000-00-00 00:00:00'),
(416, 3, 4010.95, '2015-07-30', '0000-00-00 00:00:00', '0000-00-00 00:00:00'),
(417, 4, 1609.56, '2015-07-30', '0000-00-00 00:00:00', '0000-00-00 00:00:00'),
(418, 5, 2985.57, '2015-07-30', '0000-00-00 00:00:00', '0000-00-00 00:00:00'),
(419, 6, 1156.74, '2015-07-30', '0000-00-00 00:00:00', '0000-00-00 00:00:00'),
(420, 7, 508.72, '2015-07-30', '0000-00-00 00:00:00', '0000-00-00 00:00:00'),
(421, 1, 453.46, '2015-07-31', '0000-00-00 00:00:00', '0000-00-00 00:00:00'),
(422, 2, 1116.16, '2015-07-31', '0000-00-00 00:00:00', '0000-00-00 00:00:00'),
(423, 3, 865.22, '2015-07-31', '0000-00-00 00:00:00', '0000-00-00 00:00:00'),
(424, 4, 626.33, '2015-07-31', '0000-00-00 00:00:00', '0000-00-00 00:00:00'),
(425, 5, 3413.02, '2015-07-31', '0000-00-00 00:00:00', '0000-00-00 00:00:00'),
(426, 6, 2803.72, '2015-07-31', '0000-00-00 00:00:00', '0000-00-00 00:00:00'),
(427, 7, 1875.56, '2015-07-31', '0000-00-00 00:00:00', '0000-00-00 00:00:00'),
(428, 1, 798.22, '2015-08-01', '0000-00-00 00:00:00', '0000-00-00 00:00:00'),
(429, 2, 1776.43, '2015-08-01', '0000-00-00 00:00:00', '0000-00-00 00:00:00'),
(430, 3, 802.71, '2015-08-01', '0000-00-00 00:00:00', '0000-00-00 00:00:00'),
(431, 4, 2392.22, '2015-08-01', '0000-00-00 00:00:00', '0000-00-00 00:00:00'),
(432, 5, 2046.30, '2015-08-01', '0000-00-00 00:00:00', '0000-00-00 00:00:00'),
(433, 6, 337.39, '2015-08-01', '0000-00-00 00:00:00', '0000-00-00 00:00:00'),
(434, 7, 1285.83, '2015-08-01', '0000-00-00 00:00:00', '0000-00-00 00:00:00'),
(435, 1, 876.59, '2015-08-02', '0000-00-00 00:00:00', '0000-00-00 00:00:00'),
(436, 2, 875.93, '2015-08-02', '0000-00-00 00:00:00', '0000-00-00 00:00:00'),
(437, 3, 277.15, '2015-08-02', '0000-00-00 00:00:00', '0000-00-00 00:00:00'),
(438, 4, 665.65, '2015-08-02', '0000-00-00 00:00:00', '0000-00-00 00:00:00'),
(439, 5, 517.79, '2015-08-02', '0000-00-00 00:00:00', '0000-00-00 00:00:00'),
(440, 6, 873.49, '2015-08-02', '0000-00-00 00:00:00', '0000-00-00 00:00:00'),
(441, 7, 1011.80, '2015-08-02', '0000-00-00 00:00:00', '0000-00-00 00:00:00'),
(442, 1, 578.67, '2015-08-03', '0000-00-00 00:00:00', '0000-00-00 00:00:00'),
(443, 2, 2784.40, '2015-08-03', '0000-00-00 00:00:00', '0000-00-00 00:00:00'),
(444, 3, 1028.15, '2015-08-03', '0000-00-00 00:00:00', '0000-00-00 00:00:00'),
(445, 4, 853.84, '2015-08-03', '0000-00-00 00:00:00', '0000-00-00 00:00:00'),
(446, 5, 2388.66, '2015-08-03', '0000-00-00 00:00:00', '0000-00-00 00:00:00'),
(447, 6, 1992.24, '2015-08-03', '0000-00-00 00:00:00', '0000-00-00 00:00:00'),
(448, 7, 2289.09, '2015-08-03', '0000-00-00 00:00:00', '0000-00-00 00:00:00'),
(449, 1, 546.73, '2015-08-04', '0000-00-00 00:00:00', '0000-00-00 00:00:00'),
(450, 2, 467.42, '2015-08-04', '0000-00-00 00:00:00', '0000-00-00 00:00:00'),
(451, 3, 595.81, '2015-08-04', '0000-00-00 00:00:00', '0000-00-00 00:00:00'),
(452, 4, 1118.85, '2015-08-04', '0000-00-00 00:00:00', '0000-00-00 00:00:00'),
(453, 5, 5316.92, '2015-08-04', '0000-00-00 00:00:00', '0000-00-00 00:00:00'),
(454, 6, 883.35, '2015-08-04', '0000-00-00 00:00:00', '0000-00-00 00:00:00'),
(455, 7, 301.26, '2015-08-04', '0000-00-00 00:00:00', '0000-00-00 00:00:00'),
(456, 1, 406.22, '2015-08-05', '0000-00-00 00:00:00', '0000-00-00 00:00:00'),
(457, 2, 445.16, '2015-08-05', '0000-00-00 00:00:00', '0000-00-00 00:00:00'),
(458, 3, 850.84, '2015-08-05', '0000-00-00 00:00:00', '0000-00-00 00:00:00'),
(459, 4, 500.12, '2015-08-05', '0000-00-00 00:00:00', '0000-00-00 00:00:00'),
(460, 5, 1037.34, '2015-08-05', '0000-00-00 00:00:00', '0000-00-00 00:00:00'),
(461, 6, 575.15, '2015-08-05', '0000-00-00 00:00:00', '0000-00-00 00:00:00'),
(462, 7, 570.24, '2015-08-05', '0000-00-00 00:00:00', '0000-00-00 00:00:00'),
(463, 1, 882.42, '2015-08-06', '0000-00-00 00:00:00', '0000-00-00 00:00:00'),
(464, 2, 431.30, '2015-08-06', '0000-00-00 00:00:00', '0000-00-00 00:00:00'),
(465, 3, 336.26, '2015-08-06', '0000-00-00 00:00:00', '0000-00-00 00:00:00'),
(466, 4, 2757.72, '2015-08-06', '0000-00-00 00:00:00', '0000-00-00 00:00:00'),
(467, 5, 730.09, '2015-08-06', '0000-00-00 00:00:00', '0000-00-00 00:00:00'),
(468, 6, 1415.14, '2015-08-06', '0000-00-00 00:00:00', '0000-00-00 00:00:00'),
(469, 7, 921.30, '2015-08-06', '0000-00-00 00:00:00', '0000-00-00 00:00:00'),
(470, 1, 523.93, '2015-08-07', '0000-00-00 00:00:00', '0000-00-00 00:00:00'),
(471, 2, 1224.50, '2015-08-07', '0000-00-00 00:00:00', '0000-00-00 00:00:00'),
(472, 3, 826.71, '2015-08-07', '0000-00-00 00:00:00', '0000-00-00 00:00:00'),
(473, 4, 593.48, '2015-08-07', '0000-00-00 00:00:00', '0000-00-00 00:00:00'),
(474, 5, 595.64, '2015-08-07', '0000-00-00 00:00:00', '0000-00-00 00:00:00'),
(475, 6, 2218.13, '2015-08-07', '0000-00-00 00:00:00', '0000-00-00 00:00:00'),
(476, 7, 689.96, '2015-08-07', '0000-00-00 00:00:00', '0000-00-00 00:00:00'),
(477, 1, 1705.77, '2015-08-08', '0000-00-00 00:00:00', '0000-00-00 00:00:00'),
(478, 2, 608.72, '2015-08-08', '0000-00-00 00:00:00', '0000-00-00 00:00:00'),
(479, 3, 457.15, '2015-08-08', '0000-00-00 00:00:00', '0000-00-00 00:00:00'),
(480, 4, 1171.80, '2015-08-08', '0000-00-00 00:00:00', '0000-00-00 00:00:00'),
(481, 5, 589.62, '2015-08-08', '0000-00-00 00:00:00', '0000-00-00 00:00:00'),
(482, 6, 2944.83, '2015-08-08', '0000-00-00 00:00:00', '0000-00-00 00:00:00'),
(483, 7, 1101.26, '2015-08-08', '0000-00-00 00:00:00', '0000-00-00 00:00:00'),
(484, 1, 336.15, '2015-08-09', '0000-00-00 00:00:00', '0000-00-00 00:00:00'),
(485, 2, 1407.42, '2015-08-09', '0000-00-00 00:00:00', '0000-00-00 00:00:00'),
(486, 3, 644.75, '2015-08-09', '0000-00-00 00:00:00', '0000-00-00 00:00:00'),
(487, 4, 171.69, '2015-08-09', '0000-00-00 00:00:00', '0000-00-00 00:00:00'),
(488, 5, 3019.70, '2015-08-09', '0000-00-00 00:00:00', '0000-00-00 00:00:00'),
(489, 6, 2387.70, '2015-08-09', '0000-00-00 00:00:00', '0000-00-00 00:00:00'),
(490, 7, 1665.21, '2015-08-09', '0000-00-00 00:00:00', '0000-00-00 00:00:00'),
(491, 1, 552.24, '2015-08-10', '0000-00-00 00:00:00', '0000-00-00 00:00:00'),
(492, 2, 2522.93, '2015-08-10', '0000-00-00 00:00:00', '0000-00-00 00:00:00'),
(493, 3, 1594.23, '2015-08-10', '0000-00-00 00:00:00', '0000-00-00 00:00:00'),
(494, 4, 849.32, '2015-08-10', '0000-00-00 00:00:00', '0000-00-00 00:00:00'),
(495, 5, 471.02, '2015-08-10', '0000-00-00 00:00:00', '0000-00-00 00:00:00'),
(496, 6, 6401.20, '2015-08-10', '0000-00-00 00:00:00', '0000-00-00 00:00:00'),
(497, 7, 3249.48, '2015-08-10', '0000-00-00 00:00:00', '0000-00-00 00:00:00'),
(498, 1, 731.10, '2015-08-11', '0000-00-00 00:00:00', '0000-00-00 00:00:00'),
(499, 2, 286.07, '2015-08-11', '0000-00-00 00:00:00', '0000-00-00 00:00:00'),
(500, 3, 1241.76, '2015-08-11', '0000-00-00 00:00:00', '0000-00-00 00:00:00'),
(501, 4, 1988.08, '2015-08-11', '0000-00-00 00:00:00', '0000-00-00 00:00:00'),
(502, 5, 549.38, '2015-08-11', '0000-00-00 00:00:00', '0000-00-00 00:00:00'),
(503, 6, 3709.11, '2015-08-11', '0000-00-00 00:00:00', '0000-00-00 00:00:00'),
(504, 7, 5715.37, '2015-08-11', '0000-00-00 00:00:00', '0000-00-00 00:00:00'),
(505, 1, 848.42, '2015-08-12', '0000-00-00 00:00:00', '0000-00-00 00:00:00'),
(506, 2, 420.91, '2015-08-12', '0000-00-00 00:00:00', '0000-00-00 00:00:00'),
(507, 3, 995.17, '2015-08-12', '0000-00-00 00:00:00', '0000-00-00 00:00:00'),
(508, 4, 674.22, '2015-08-12', '0000-00-00 00:00:00', '0000-00-00 00:00:00'),
(509, 5, 171.84, '2015-08-12', '0000-00-00 00:00:00', '0000-00-00 00:00:00'),
(510, 6, 655.45, '2015-08-12', '0000-00-00 00:00:00', '0000-00-00 00:00:00'),
(511, 7, 477.57, '2015-08-12', '0000-00-00 00:00:00', '0000-00-00 00:00:00'),
(512, 1, 1462.53, '2015-08-13', '0000-00-00 00:00:00', '0000-00-00 00:00:00'),
(513, 2, 280.03, '2015-08-13', '0000-00-00 00:00:00', '0000-00-00 00:00:00'),
(514, 3, 584.27, '2015-08-13', '0000-00-00 00:00:00', '0000-00-00 00:00:00'),
(515, 4, 283.13, '2015-08-13', '0000-00-00 00:00:00', '0000-00-00 00:00:00'),
(516, 5, 261.26, '2015-08-13', '0000-00-00 00:00:00', '0000-00-00 00:00:00'),
(517, 6, 1900.00, '2015-08-13', '0000-00-00 00:00:00', '0000-00-00 00:00:00'),
(518, 7, 260.40, '2015-08-13', '0000-00-00 00:00:00', '0000-00-00 00:00:00'),
(519, 1, 325.25, '2015-08-14', '0000-00-00 00:00:00', '0000-00-00 00:00:00'),
(520, 2, 794.87, '2015-08-14', '0000-00-00 00:00:00', '0000-00-00 00:00:00'),
(521, 3, 65.73, '2015-08-14', '0000-00-00 00:00:00', '0000-00-00 00:00:00'),
(522, 4, 3399.77, '2015-08-14', '0000-00-00 00:00:00', '0000-00-00 00:00:00'),
(523, 5, 664.69, '2015-08-14', '0000-00-00 00:00:00', '0000-00-00 00:00:00'),
(524, 6, 1080.36, '2015-08-14', '0000-00-00 00:00:00', '0000-00-00 00:00:00'),
(525, 7, 567.16, '2015-08-14', '0000-00-00 00:00:00', '0000-00-00 00:00:00'),
(526, 1, 743.58, '2015-08-15', '0000-00-00 00:00:00', '0000-00-00 00:00:00'),
(527, 2, 580.86, '2015-08-15', '0000-00-00 00:00:00', '0000-00-00 00:00:00'),
(528, 3, 3388.28, '2015-08-15', '0000-00-00 00:00:00', '0000-00-00 00:00:00'),
(529, 4, 2881.28, '2015-08-15', '0000-00-00 00:00:00', '0000-00-00 00:00:00'),
(530, 5, 2822.25, '2015-08-15', '0000-00-00 00:00:00', '0000-00-00 00:00:00'),
(531, 6, 295.64, '2015-08-15', '0000-00-00 00:00:00', '0000-00-00 00:00:00'),
(532, 7, 3404.44, '2015-08-15', '0000-00-00 00:00:00', '0000-00-00 00:00:00'),
(533, 1, 1061.99, '2015-08-16', '0000-00-00 00:00:00', '0000-00-00 00:00:00'),
(534, 2, 1354.70, '2015-08-16', '0000-00-00 00:00:00', '0000-00-00 00:00:00'),
(535, 3, 605.93, '2015-08-16', '0000-00-00 00:00:00', '0000-00-00 00:00:00'),
(536, 4, 704.64, '2015-08-16', '0000-00-00 00:00:00', '0000-00-00 00:00:00'),
(537, 5, 386.82, '2015-08-16', '0000-00-00 00:00:00', '0000-00-00 00:00:00'),
(538, 6, 1293.60, '2015-08-16', '0000-00-00 00:00:00', '0000-00-00 00:00:00'),
(539, 7, 2091.30, '2015-08-16', '0000-00-00 00:00:00', '0000-00-00 00:00:00'),
(540, 1, 517.75, '2015-08-17', '0000-00-00 00:00:00', '0000-00-00 00:00:00'),
(541, 2, 1120.32, '2015-08-17', '0000-00-00 00:00:00', '0000-00-00 00:00:00'),
(542, 3, 583.29, '2015-08-17', '0000-00-00 00:00:00', '0000-00-00 00:00:00'),
(543, 4, 936.55, '2015-08-17', '0000-00-00 00:00:00', '0000-00-00 00:00:00'),
(544, 5, 590.69, '2015-08-17', '0000-00-00 00:00:00', '0000-00-00 00:00:00'),
(545, 6, 1159.71, '2015-08-17', '0000-00-00 00:00:00', '0000-00-00 00:00:00'),
(546, 7, 1830.54, '2015-08-17', '0000-00-00 00:00:00', '0000-00-00 00:00:00'),
(547, 1, 1196.36, '2015-08-18', '0000-00-00 00:00:00', '0000-00-00 00:00:00'),
(548, 2, 577.01, '2015-08-18', '0000-00-00 00:00:00', '0000-00-00 00:00:00'),
(549, 3, 3695.75, '2015-08-18', '0000-00-00 00:00:00', '0000-00-00 00:00:00'),
(550, 4, 584.08, '2015-08-18', '0000-00-00 00:00:00', '0000-00-00 00:00:00'),
(551, 5, 615.00, '2015-08-18', '0000-00-00 00:00:00', '0000-00-00 00:00:00'),
(552, 6, 636.71, '2015-08-18', '0000-00-00 00:00:00', '0000-00-00 00:00:00'),
(553, 7, 1348.12, '2015-08-18', '0000-00-00 00:00:00', '0000-00-00 00:00:00'),
(554, 1, 654.24, '2015-08-19', '0000-00-00 00:00:00', '0000-00-00 00:00:00'),
(555, 2, 457.93, '2015-08-19', '0000-00-00 00:00:00', '0000-00-00 00:00:00'),
(556, 3, 940.21, '2015-08-19', '0000-00-00 00:00:00', '0000-00-00 00:00:00'),
(557, 4, 974.16, '2015-08-19', '0000-00-00 00:00:00', '0000-00-00 00:00:00'),
(558, 5, 217.77, '2015-08-19', '0000-00-00 00:00:00', '0000-00-00 00:00:00'),
(559, 6, 1543.70, '2015-08-19', '0000-00-00 00:00:00', '0000-00-00 00:00:00'),
(560, 7, 647.90, '2015-08-19', '0000-00-00 00:00:00', '0000-00-00 00:00:00'),
(561, 1, 328.46, '2015-08-20', '0000-00-00 00:00:00', '0000-00-00 00:00:00'),
(562, 2, 569.03, '2015-08-20', '0000-00-00 00:00:00', '0000-00-00 00:00:00'),
(563, 3, 2410.92, '2015-08-20', '0000-00-00 00:00:00', '0000-00-00 00:00:00'),
(564, 4, 997.34, '2015-08-20', '0000-00-00 00:00:00', '0000-00-00 00:00:00'),
(565, 5, 470.28, '2015-08-20', '0000-00-00 00:00:00', '0000-00-00 00:00:00'),
(566, 6, 1201.76, '2015-08-20', '0000-00-00 00:00:00', '0000-00-00 00:00:00'),
(567, 7, 902.57, '2015-08-20', '0000-00-00 00:00:00', '0000-00-00 00:00:00'),
(568, 1, 3348.53, '2015-08-21', '0000-00-00 00:00:00', '0000-00-00 00:00:00'),
(569, 2, 828.94, '2015-08-21', '0000-00-00 00:00:00', '0000-00-00 00:00:00'),
(570, 3, 2122.41, '2015-08-21', '0000-00-00 00:00:00', '0000-00-00 00:00:00'),
(571, 4, 3877.24, '2015-08-21', '0000-00-00 00:00:00', '0000-00-00 00:00:00'),
(572, 5, 1044.20, '2015-08-21', '0000-00-00 00:00:00', '0000-00-00 00:00:00'),
(573, 6, 409.49, '2015-08-21', '0000-00-00 00:00:00', '0000-00-00 00:00:00'),
(574, 7, 339.78, '2015-08-21', '0000-00-00 00:00:00', '0000-00-00 00:00:00'),
(575, 1, 1399.84, '2015-08-22', '0000-00-00 00:00:00', '0000-00-00 00:00:00'),
(576, 2, 3686.49, '2015-08-22', '0000-00-00 00:00:00', '0000-00-00 00:00:00'),
(577, 3, 1017.98, '2015-08-22', '0000-00-00 00:00:00', '0000-00-00 00:00:00'),
(578, 4, 496.92, '2015-08-22', '0000-00-00 00:00:00', '0000-00-00 00:00:00'),
(579, 5, 2096.45, '2015-08-22', '0000-00-00 00:00:00', '0000-00-00 00:00:00'),
(580, 6, 698.67, '2015-08-22', '0000-00-00 00:00:00', '0000-00-00 00:00:00'),
(581, 7, 661.00, '2015-08-22', '0000-00-00 00:00:00', '0000-00-00 00:00:00'),
(582, 1, 875.21, '2015-08-23', '0000-00-00 00:00:00', '0000-00-00 00:00:00'),
(583, 2, 1034.99, '2015-08-23', '0000-00-00 00:00:00', '0000-00-00 00:00:00'),
(584, 3, 602.73, '2015-08-23', '0000-00-00 00:00:00', '0000-00-00 00:00:00'),
(585, 4, 2620.44, '2015-08-23', '0000-00-00 00:00:00', '0000-00-00 00:00:00'),
(586, 5, 816.28, '2015-08-23', '0000-00-00 00:00:00', '0000-00-00 00:00:00'),
(587, 6, 1185.25, '2015-08-23', '0000-00-00 00:00:00', '0000-00-00 00:00:00'),
(588, 7, 719.62, '2015-08-23', '0000-00-00 00:00:00', '0000-00-00 00:00:00'),
(589, 1, 302.85, '2015-08-24', '0000-00-00 00:00:00', '0000-00-00 00:00:00'),
(590, 2, 647.44, '2015-08-24', '0000-00-00 00:00:00', '0000-00-00 00:00:00'),
(591, 3, 583.01, '2015-08-24', '0000-00-00 00:00:00', '0000-00-00 00:00:00'),
(592, 4, 303.57, '2015-08-24', '0000-00-00 00:00:00', '0000-00-00 00:00:00'),
(593, 5, 1300.28, '2015-08-24', '0000-00-00 00:00:00', '0000-00-00 00:00:00'),
(594, 6, 356.47, '2015-08-24', '0000-00-00 00:00:00', '0000-00-00 00:00:00'),
(595, 7, 1592.71, '2015-08-24', '0000-00-00 00:00:00', '0000-00-00 00:00:00'),
(596, 1, 562.93, '2015-08-25', '0000-00-00 00:00:00', '0000-00-00 00:00:00'),
(597, 2, 3510.98, '2015-08-25', '0000-00-00 00:00:00', '0000-00-00 00:00:00'),
(598, 3, 1320.52, '2015-08-25', '0000-00-00 00:00:00', '0000-00-00 00:00:00'),
(599, 4, 480.30, '2015-08-25', '0000-00-00 00:00:00', '0000-00-00 00:00:00'),
(600, 5, 240.54, '2015-08-25', '0000-00-00 00:00:00', '0000-00-00 00:00:00'),
(601, 6, 3564.68, '2015-08-25', '0000-00-00 00:00:00', '0000-00-00 00:00:00'),
(602, 7, 488.36, '2015-08-25', '0000-00-00 00:00:00', '0000-00-00 00:00:00'),
(603, 1, 414.28, '2015-08-26', '0000-00-00 00:00:00', '0000-00-00 00:00:00'),
(604, 2, 1359.70, '2015-08-26', '0000-00-00 00:00:00', '0000-00-00 00:00:00'),
(605, 3, 583.27, '2015-08-26', '0000-00-00 00:00:00', '0000-00-00 00:00:00'),
(606, 4, 346.27, '2015-08-26', '0000-00-00 00:00:00', '0000-00-00 00:00:00'),
(607, 5, 1143.80, '2015-08-26', '0000-00-00 00:00:00', '0000-00-00 00:00:00'),
(608, 6, 346.36, '2015-08-26', '0000-00-00 00:00:00', '0000-00-00 00:00:00'),
(609, 7, 1330.34, '2015-08-26', '0000-00-00 00:00:00', '0000-00-00 00:00:00'),
(610, 1, 295.38, '2015-08-27', '0000-00-00 00:00:00', '0000-00-00 00:00:00'),
(611, 2, 316.79, '2015-08-27', '0000-00-00 00:00:00', '0000-00-00 00:00:00'),
(612, 3, 817.94, '2015-08-27', '0000-00-00 00:00:00', '0000-00-00 00:00:00'),
(613, 4, 488.23, '2015-08-27', '0000-00-00 00:00:00', '0000-00-00 00:00:00'),
(614, 5, 653.87, '2015-08-27', '0000-00-00 00:00:00', '0000-00-00 00:00:00'),
(615, 6, 386.19, '2015-08-27', '0000-00-00 00:00:00', '0000-00-00 00:00:00'),
(616, 7, 1913.64, '2015-08-27', '0000-00-00 00:00:00', '0000-00-00 00:00:00'),
(617, 1, 1888.07, '2015-08-28', '0000-00-00 00:00:00', '0000-00-00 00:00:00'),
(618, 2, 525.96, '2015-08-28', '0000-00-00 00:00:00', '0000-00-00 00:00:00'),
(619, 3, 507.59, '2015-08-28', '0000-00-00 00:00:00', '0000-00-00 00:00:00'),
(620, 4, 1798.51, '2015-08-28', '0000-00-00 00:00:00', '0000-00-00 00:00:00'),
(621, 5, 143.36, '2015-08-28', '0000-00-00 00:00:00', '0000-00-00 00:00:00'),
(622, 6, 1707.61, '2015-08-28', '0000-00-00 00:00:00', '0000-00-00 00:00:00'),
(623, 7, 1347.99, '2015-08-28', '0000-00-00 00:00:00', '0000-00-00 00:00:00'),
(624, 1, 808.43, '2015-08-29', '0000-00-00 00:00:00', '0000-00-00 00:00:00'),
(625, 2, 657.14, '2015-08-29', '0000-00-00 00:00:00', '0000-00-00 00:00:00'),
(626, 3, 1482.42, '2015-08-29', '0000-00-00 00:00:00', '0000-00-00 00:00:00'),
(627, 4, 446.27, '2015-08-29', '0000-00-00 00:00:00', '0000-00-00 00:00:00'),
(628, 5, 545.77, '2015-08-29', '0000-00-00 00:00:00', '0000-00-00 00:00:00'),
(629, 6, 848.03, '2015-08-29', '0000-00-00 00:00:00', '0000-00-00 00:00:00'),
(630, 7, 1819.97, '2015-08-29', '0000-00-00 00:00:00', '0000-00-00 00:00:00'),
(631, 1, 1365.21, '2015-08-30', '0000-00-00 00:00:00', '0000-00-00 00:00:00'),
(632, 2, 2154.42, '2015-08-30', '0000-00-00 00:00:00', '0000-00-00 00:00:00'),
(633, 3, 136.87, '2015-08-30', '0000-00-00 00:00:00', '0000-00-00 00:00:00'),
(634, 4, 1338.82, '2015-08-30', '0000-00-00 00:00:00', '0000-00-00 00:00:00'),
(635, 5, 441.22, '2015-08-30', '0000-00-00 00:00:00', '0000-00-00 00:00:00'),
(636, 6, 2865.00, '2015-08-30', '0000-00-00 00:00:00', '0000-00-00 00:00:00'),
(637, 7, 735.09, '2015-08-30', '0000-00-00 00:00:00', '0000-00-00 00:00:00'),
(638, 1, 209.93, '2015-08-31', '0000-00-00 00:00:00', '0000-00-00 00:00:00'),
(639, 2, 1387.36, '2015-08-31', '0000-00-00 00:00:00', '0000-00-00 00:00:00'),
(640, 3, 1086.49, '2015-08-31', '0000-00-00 00:00:00', '0000-00-00 00:00:00'),
(641, 4, 584.77, '2015-08-31', '0000-00-00 00:00:00', '0000-00-00 00:00:00'),
(642, 5, 1727.54, '2015-08-31', '0000-00-00 00:00:00', '0000-00-00 00:00:00'),
(643, 6, 569.79, '2015-08-31', '0000-00-00 00:00:00', '0000-00-00 00:00:00'),
(644, 7, 716.29, '2015-08-31', '0000-00-00 00:00:00', '0000-00-00 00:00:00');

-- --------------------------------------------------------

--
-- Table structure for table `sales_types`
--

DROP TABLE IF EXISTS `sales_types`;
CREATE TABLE IF NOT EXISTS `sales_types` (
  `id` int(10) unsigned NOT NULL AUTO_INCREMENT,
  `name` varchar(255) COLLATE utf8_unicode_ci NOT NULL,
  `created_at` timestamp NOT NULL DEFAULT '0000-00-00 00:00:00',
  `updated_at` timestamp NOT NULL DEFAULT '0000-00-00 00:00:00',
  PRIMARY KEY (`id`)
) ENGINE=InnoDB  DEFAULT CHARSET=utf8 COLLATE=utf8_unicode_ci AUTO_INCREMENT=8 ;

--
-- Dumping data for table `sales_types`
--

INSERT INTO `sales_types` (`id`, `name`, `created_at`, `updated_at`) VALUES
(1, 'Liquor', '2015-10-04 02:27:48', '2015-10-04 02:27:48'),
(2, 'Beer', '2015-10-04 02:27:48', '2015-10-04 02:27:48'),
(3, 'Wine', '2015-10-04 02:27:48', '2015-10-04 02:27:48'),
(4, 'Food', '2015-10-04 02:27:48', '2015-10-04 02:27:48'),
(5, 'Beverage', '2015-10-04 02:27:48', '2015-10-04 02:27:48'),
(6, 'Gift Card', '2015-10-04 02:27:48', '2015-10-04 02:27:48'),
(7, 'Retail', '2015-10-04 02:27:48', '2015-10-04 02:27:48');

-- --------------------------------------------------------

--
-- Table structure for table `users`
--

DROP TABLE IF EXISTS `users`;
CREATE TABLE IF NOT EXISTS `users` (
  `id` int(10) unsigned NOT NULL AUTO_INCREMENT,
  `name` varchar(255) COLLATE utf8_unicode_ci NOT NULL,
  `email` varchar(255) COLLATE utf8_unicode_ci NOT NULL,
  `password` varchar(60) COLLATE utf8_unicode_ci NOT NULL,
  `remember_token` varchar(100) COLLATE utf8_unicode_ci DEFAULT NULL,
  `created_at` timestamp NOT NULL DEFAULT '0000-00-00 00:00:00',
  `updated_at` timestamp NOT NULL DEFAULT '0000-00-00 00:00:00',
  PRIMARY KEY (`id`),
  UNIQUE KEY `users_email_unique` (`email`)
) ENGINE=InnoDB  DEFAULT CHARSET=utf8 COLLATE=utf8_unicode_ci AUTO_INCREMENT=2 ;

--
-- Dumping data for table `users`
--

INSERT INTO `users` (`id`, `name`, `email`, `password`, `remember_token`, `created_at`, `updated_at`) VALUES
(1, 'Testy', 'test@test.com', '$2y$10$ZMqsa5voDtKZN5FlHLVcGOmaisuNIo.9cCO5D/mP2oPp8KSKqp1Ay', '4x2MsJ1lxoozL1dFsSaJqzgTSZcVGXyxpBoY5LoNyo87jdrZURWQqaAB4HD3', '2015-10-03 22:35:57', '2015-10-04 12:24:18');

-- --------------------------------------------------------

--
-- Table structure for table `weather_data`
--

DROP TABLE IF EXISTS `weather_data`;
CREATE TABLE IF NOT EXISTS `weather_data` (
  `id` int(10) unsigned NOT NULL AUTO_INCREMENT,
  `date` date NOT NULL,
  `min_temp` int(11) NOT NULL,
  `max_temp` int(11) NOT NULL,
  `avg_temp` int(11) NOT NULL,
  `precip` int(11) NOT NULL,
  `precip_amt` varchar(11) COLLATE utf8_unicode_ci NOT NULL,
  `thunder` int(11) NOT NULL,
  `created_at` timestamp NOT NULL DEFAULT '0000-00-00 00:00:00',
  `updated_at` timestamp NOT NULL DEFAULT '0000-00-00 00:00:00',
  PRIMARY KEY (`id`)
) ENGINE=InnoDB  DEFAULT CHARSET=utf8 COLLATE=utf8_unicode_ci AUTO_INCREMENT=95 ;

--
-- Dumping data for table `weather_data`
--

INSERT INTO `weather_data` (`id`, `date`, `min_temp`, `max_temp`, `avg_temp`, `precip`, `precip_amt`, `thunder`, `created_at`, `updated_at`) VALUES
(3, '2015-06-01', 48, 55, 52, 1, '0.03', 0, '2015-10-04 04:11:09', '2015-10-04 04:11:09'),
(4, '2015-06-02', 51, 66, 58, 0, '0.00', 0, '2015-10-04 04:11:09', '2015-10-04 04:11:09'),
(5, '2015-06-03', 57, 73, 64, 0, '0.00', 0, '2015-10-04 04:11:10', '2015-10-04 04:11:10'),
(6, '2015-06-04', 57, 81, 68, 0, '0.00', 0, '2015-10-04 04:11:11', '2015-10-04 04:11:11'),
(7, '2015-06-05', 59, 84, 70, 1, '0.20', 1, '2015-10-04 04:11:11', '2015-10-04 04:11:11'),
(8, '2015-06-06', 62, 78, 70, 0, '0.00', 0, '2015-10-04 04:11:12', '2015-10-04 04:11:12'),
(9, '2015-06-07', 55, 84, 70, 0, '0.00', 0, '2015-10-04 04:11:13', '2015-10-04 04:11:13'),
(10, '2015-06-08', 60, 79, 70, 1, '0.45', 1, '2015-10-04 04:11:13', '2015-10-04 04:11:13'),
(11, '2015-06-09', 57, 75, 66, 1, '0.05', 0, '2015-10-04 04:11:14', '2015-10-04 04:11:14'),
(12, '2015-06-10', 59, 90, 74, 0, '0.00', 0, '2015-10-04 04:11:15', '2015-10-04 04:11:15'),
(13, '2015-06-11', 69, 91, 80, 0, '0.00', 0, '2015-10-04 04:14:12', '2015-10-04 04:14:12'),
(14, '2015-06-12', 72, 91, 82, 1, '0.18', 1, '2015-10-04 04:14:13', '2015-10-04 04:14:13'),
(15, '2015-06-13', 70, 90, 80, 1, '0.22', 1, '2015-10-04 04:14:14', '2015-10-04 04:14:14'),
(16, '2015-06-14', 70, 90, 80, 1, '0.06', 1, '2015-10-04 04:14:15', '2015-10-04 04:14:15'),
(17, '2015-06-15', 71, 87, 78, 1, '0.31', 1, '2015-10-04 04:14:15', '2015-10-04 04:14:15'),
(18, '2015-06-16', 71, 82, 77, 1, '0.15', 1, '2015-10-04 04:14:16', '2015-10-04 04:14:16'),
(19, '2015-06-17', 61, 72, 66, 1, '0.97', 0, '2015-10-04 04:14:17', '2015-10-04 04:14:17'),
(20, '2015-06-18', 70, 87, 77, 0, '0.00', 0, '2015-10-04 04:14:18', '2015-10-04 04:14:18'),
(21, '2015-06-19', 66, 73, 70, 1, '0.22', 0, '2015-10-04 04:14:18', '2015-10-04 04:14:18'),
(22, '2015-06-20', 66, 73, 70, 1, '1.60', 0, '2015-10-04 04:14:19', '2015-10-04 04:14:19'),
(23, '2015-06-21', 66, 86, 75, 0, '0.00', 0, '2015-10-04 04:18:38', '2015-10-04 04:18:38'),
(24, '2015-06-22', 62, 87, 74, 0, '0.00', 0, '2015-10-04 04:18:39', '2015-10-04 04:18:39'),
(25, '2015-06-23', 66, 84, 77, 0, '0.15', 0, '2015-10-04 04:18:39', '2015-10-04 04:18:39'),
(26, '2015-06-24', 62, 84, 72, 0, '0.00', 0, '2015-10-04 04:18:40', '2015-10-04 04:18:40'),
(27, '2015-06-25', 64, 78, 71, 1, '0.32', 0, '2015-10-04 04:18:40', '2015-10-04 04:18:40'),
(28, '2015-06-26', 66, 77, 70, 1, '0.72', 0, '2015-10-04 04:18:41', '2015-10-04 04:18:41'),
(29, '2015-06-27', 59, 71, 65, 1, '0.28', 0, '2015-10-04 04:18:42', '2015-10-04 04:18:42'),
(30, '2015-06-28', 57, 75, 65, 1, '0.04', 0, '2015-10-04 04:18:42', '2015-10-04 04:18:42'),
(31, '2015-06-29', 60, 66, 63, 1, '0.46', 0, '2015-10-04 04:18:43', '2015-10-04 04:18:43'),
(32, '2015-06-30', 61, 75, 68, 1, '0.32', 1, '2015-10-04 04:18:44', '2015-10-04 04:18:44'),
(33, '2015-07-01', 59, 78, 68, 0, '0.00', 0, '2015-10-04 04:20:45', '2015-10-04 04:20:45'),
(34, '2015-07-02', 61, 75, 68, 0, '0.00', 0, '2015-10-04 04:20:46', '2015-10-04 04:20:46'),
(35, '2015-07-03', 60, 77, 68, 1, '0.03', 0, '2015-10-04 04:20:47', '2015-10-04 04:20:47'),
(36, '2015-07-04', 57, 78, 68, 0, '0.00', 0, '2015-10-04 04:20:47', '2015-10-04 04:20:47'),
(37, '2015-07-05', 59, 79, 69, 0, '0.00', 0, '2015-10-04 04:20:48', '2015-10-04 04:20:48'),
(38, '2015-07-06', 63, 84, 74, 0, '0.00', 0, '2015-10-04 04:20:48', '2015-10-04 04:20:48'),
(39, '2015-07-07', 69, 82, 76, 1, '0.77', 1, '2015-10-04 04:20:49', '2015-10-04 04:20:49'),
(40, '2015-07-08', 62, 70, 66, 1, '0.16', 0, '2015-10-04 04:20:55', '2015-10-04 04:20:55'),
(41, '2015-07-09', 66, 78, 72, 1, '0.08', 0, '2015-10-04 04:20:56', '2015-10-04 04:20:56'),
(42, '2015-07-10', 66, 73, 70, 1, '0.01', 0, '2015-10-04 04:20:57', '2015-10-04 04:20:57'),
(43, '2015-07-11', 59, 82, 70, 0, '0.00', 0, '2015-10-04 04:23:45', '2015-10-04 04:23:45'),
(44, '2015-07-12', 64, 80, 72, 1, '0.47', 1, '2015-10-04 04:23:46', '2015-10-04 04:23:46'),
(45, '2015-07-13', 66, 75, 70, 1, '0.14', 0, '2015-10-04 04:23:47', '2015-10-04 04:23:47'),
(46, '2015-07-14', 66, 84, 75, 1, '1.44', 1, '2015-10-04 04:23:49', '2015-10-04 04:23:49'),
(47, '2015-07-15', 57, 72, 66, 1, '0.01', 0, '2015-10-04 04:23:49', '2015-10-04 04:23:49'),
(48, '2015-07-16', 52, 82, 66, 0, '0.00', 0, '2015-10-04 04:23:50', '2015-10-04 04:23:50'),
(49, '2015-07-17', 66, 84, 75, 1, '0.36', 1, '2015-10-04 04:23:51', '2015-10-04 04:23:51'),
(50, '2015-07-18', 70, 91, 80, 0, '0.00', 0, '2015-10-04 04:23:51', '2015-10-04 04:23:51'),
(51, '2015-07-19', 69, 87, 78, 1, '0.82', 1, '2015-10-04 04:23:52', '2015-10-04 04:23:52'),
(52, '2015-07-20', 66, 86, 75, 0, '0.00', 0, '2015-10-04 04:23:53', '2015-10-04 04:23:53'),
(53, '2015-07-21', 64, 82, 75, 1, '0.00', 0, '2015-10-04 04:26:49', '2015-10-04 04:26:49'),
(54, '2015-07-22', 59, 79, 68, 0, '0.00', 0, '2015-10-04 04:26:50', '2015-10-04 04:26:50'),
(55, '2015-07-23', 62, 82, 72, 0, '0.00', 0, '2015-10-04 04:26:51', '2015-10-04 04:26:51'),
(56, '2015-07-24', 57, 86, 70, 0, '0.00', 0, '2015-10-04 04:26:51', '2015-10-04 04:26:51'),
(57, '2015-07-25', 64, 87, 75, 0, '0.00', 0, '2015-10-04 04:26:52', '2015-10-04 04:26:52'),
(58, '2015-07-26', 70, 87, 78, 1, '0.00', 1, '2015-10-04 04:26:53', '2015-10-04 04:26:53'),
(59, '2015-07-27', 71, 86, 78, 1, '0.00', 0, '2015-10-04 04:26:54', '2015-10-04 04:26:54'),
(60, '2015-07-28', 66, 89, 77, 0, '0.00', 0, '2015-10-04 04:26:54', '2015-10-04 04:26:54'),
(61, '2015-07-29', 70, 91, 80, 1, '0.60', 1, '2015-10-04 04:26:55', '2015-10-04 04:26:55'),
(62, '2015-07-30', 66, 82, 74, 0, '0.00', 0, '2015-10-04 04:26:55', '2015-10-04 04:26:55'),
(63, '2015-07-31', 62, 84, 73, 0, '0.00', 0, '2015-10-04 04:27:57', '2015-10-04 04:27:57'),
(64, '2015-08-01', 61, 82, 70, 0, '0.00', 0, '2015-10-04 04:27:57', '2015-10-04 04:27:57'),
(65, '2015-08-02', 66, 87, 76, 0, '0.00', 0, '2015-10-04 04:27:58', '2015-10-04 04:27:58'),
(66, '2015-08-03', 62, 82, 72, 1, '0.51', 1, '2015-10-04 04:27:59', '2015-10-04 04:27:59'),
(67, '2015-08-04', 61, 82, 72, 0, '0.00', 0, '2015-10-04 04:28:00', '2015-10-04 04:28:00'),
(68, '2015-08-05', 61, 81, 70, 0, '0.00', 0, '2015-10-04 04:28:00', '2015-10-04 04:28:00'),
(69, '2015-08-06', 60, 71, 66, 1, '0.00', 0, '2015-10-04 04:28:01', '2015-10-04 04:28:01'),
(70, '2015-08-07', 57, 82, 69, 0, '0.00', 0, '2015-10-04 04:28:01', '2015-10-04 04:28:01'),
(71, '2015-08-08', 60, 84, 71, 0, '0.00', 0, '2015-10-04 04:28:02', '2015-10-04 04:28:02'),
(72, '2015-08-09', 64, 82, 73, 0, '0.00', 0, '2015-10-04 04:28:03', '2015-10-04 04:28:03'),
(73, '2015-08-10', 68, 82, 75, 1, '0.62', 1, '2015-10-04 04:29:08', '2015-10-04 04:29:08'),
(74, '2015-08-11', 64, 81, 73, 0, '0.00', 0, '2015-10-04 04:29:10', '2015-10-04 04:29:10'),
(75, '2015-08-12', 61, 77, 69, 0, '0.00', 0, '2015-10-04 04:29:10', '2015-10-04 04:29:10'),
(76, '2015-08-13', 55, 80, 68, 0, '0.00', 0, '2015-10-04 04:29:11', '2015-10-04 04:29:11'),
(77, '2015-08-14', 63, 84, 74, 0, '0.00', 0, '2015-10-04 04:29:11', '2015-10-04 04:29:11'),
(78, '2015-08-15', 66, 84, 75, 0, '0.00', 1, '2015-10-04 04:29:12', '2015-10-04 04:29:12'),
(79, '2015-08-16', 64, 87, 75, 0, '0.00', 0, '2015-10-04 04:29:13', '2015-10-04 04:29:13'),
(80, '2015-08-17', 66, 88, 76, 1, '0.07', 1, '2015-10-04 04:29:14', '2015-10-04 04:29:14'),
(81, '2015-08-18', 70, 84, 76, 0, '0.00', 0, '2015-10-04 04:29:15', '2015-10-04 04:29:15'),
(82, '2015-08-19', 70, 86, 77, 1, '0.43', 1, '2015-10-04 04:29:16', '2015-10-04 04:29:16'),
(83, '2015-08-20', 61, 75, 68, 1, '0.29', 0, '2015-10-04 04:30:22', '2015-10-04 04:30:22'),
(84, '2015-08-21', 55, 79, 67, 0, '0.00', 0, '2015-10-04 04:30:24', '2015-10-04 04:30:24'),
(85, '2015-08-22', 54, 81, 67, 0, '0.00', 0, '2015-10-04 04:30:24', '2015-10-04 04:30:24'),
(86, '2015-08-23', 59, 84, 70, 1, '0.04', 1, '2015-10-04 04:30:25', '2015-10-04 04:30:25'),
(87, '2015-08-24', 55, 75, 64, 1, '0.17', 0, '2015-10-04 04:30:26', '2015-10-04 04:30:26'),
(88, '2015-08-25', 52, 68, 59, 0, '0.00', 0, '2015-10-04 04:30:26', '2015-10-04 04:30:26'),
(89, '2015-08-26', 55, 68, 60, 0, '0.00', 0, '2015-10-04 04:30:27', '2015-10-04 04:30:27'),
(90, '2015-08-27', 60, 75, 67, 0, '0.00', 0, '2015-10-04 04:30:28', '2015-10-04 04:30:28'),
(91, '2015-08-28', 51, 80, 65, 0, '0.00', 0, '2015-10-04 04:30:28', '2015-10-04 04:30:28'),
(92, '2015-08-29', 59, 87, 73, 0, '0.00', 1, '2015-10-04 04:30:29', '2015-10-04 04:30:29'),
(93, '2015-08-30', 66, 87, 76, 1, '0.14', 1, '2015-10-04 04:32:13', '2015-10-04 04:32:13'),
(94, '2015-08-31', 64, 87, 76, 0, '0.00', 1, '2015-10-04 04:32:15', '2015-10-04 04:32:15');
